<?xml version="1.0" encoding="UTF-8"?>
<preferences>
 <debug showDebugMenu="0" />
 <systemtable filter="All Interfaces">
  <columns>
   <connections preferredWidth="175" />
   <irq preferredWidth="34" />
  </columns>
 </systemtable>
 <library
   expandedCategories="Library/Basic Functions/Simulation; Debug and Verification/Debug and Performance,Library,Library/Basic Functions/Simulation; Debug and Verification,Library/Basic Functions,Project" />
 <window width="2050" height="1126" x="-1" y="27" />
 <generation synthesis="VHDL" />
</preferences>
